sample,signal,signal_label,target,target_label,n,quarters_used,pearson_r,pearson_p,spearman_rho,spearman_p,perm_p,sign_concord,sign_n,change_concord,change_n,pearson_q_bh
2021Q1-2026Q2,bkng_room_nights_yoy,BKNG room nights y/y,abnb_nights_yoy,ABNB nights y/y,12,2021Q1 2021Q2 2021Q3 2023Q1 2024Q1 2024Q2 2024Q3 2025Q1 2025Q2 2025Q3 2026Q1 2026Q2,0.996,0.0,0.381,0.2218,0.002,0.92,12.0,0.5,6.0,0.0
2021Q1-2026Q2,bkng_room_nights_yoy,BKNG room nights y/y,abnb_nights_accel_pp,ABNB nights accel (pp q/q),12,2021Q1 2021Q2 2021Q3 2023Q1 2024Q1 2024Q2 2024Q3 2025Q1 2025Q2 2025Q3 2026Q1 2026Q2,0.665,0.0182,-0.222,0.4876,0.1489,0.25,12.0,0.67,6.0,0.043
2021Q1-2026Q2,bkng_room_nights_yoy,BKNG room nights y/y,abnb_gbv_yoy,ABNB GBV y/y,12,2021Q1 2021Q2 2021Q3 2023Q1 2024Q1 2024Q2 2024Q3 2025Q1 2025Q2 2025Q3 2026Q1 2026Q2,0.979,0.0,0.166,0.6066,0.031,0.92,12.0,0.83,6.0,0.0
2021Q1-2026Q2,bkng_room_nights_yoy,BKNG room nights y/y,abnb_rev_beat_pct,ABNB revenue beat vs guide midpoint (%),9,2023Q1 2024Q1 2024Q2 2024Q3 2025Q1 2025Q2 2025Q3 2026Q1 2026Q2,0.031,0.9364,0.154,0.6927,0.9491,1.0,9.0,0.75,4.0,0.958
2021Q1-2026Q2,bkng_room_nights_yoy,BKNG room nights y/y,abnb_excess_1d_pct,ABNB day-1 excess return,12,2021Q1 2021Q2 2021Q3 2023Q1 2024Q1 2024Q2 2024Q3 2025Q1 2025Q2 2025Q3 2026Q1 2026Q2,0.082,0.7992,-0.141,0.6618,0.7552,0.33,12.0,0.33,6.0,0.943
2021Q1-2026Q2,bkng_room_nights_accel_pp,BKNG room nights accel (pp q/q),abnb_nights_yoy,ABNB nights y/y,12,2021Q1 2021Q2 2021Q3 2023Q1 2024Q1 2024Q2 2024Q3 2025Q1 2025Q2 2025Q3 2026Q1 2026Q2,0.709,0.0099,0.084,0.7944,0.0899,0.4,10.0,0.57,7.0,0.025
2021Q1-2026Q2,bkng_room_nights_accel_pp,BKNG room nights accel (pp q/q),abnb_nights_accel_pp,ABNB nights accel (pp q/q),12,2021Q1 2021Q2 2021Q3 2023Q1 2024Q1 2024Q2 2024Q3 2025Q1 2025Q2 2025Q3 2026Q1 2026Q2,0.99,0.0,0.791,0.0022,0.001,0.7,10.0,0.71,7.0,0.0
2021Q1-2026Q2,bkng_room_nights_accel_pp,BKNG room nights accel (pp q/q),abnb_gbv_yoy,ABNB GBV y/y,12,2021Q1 2021Q2 2021Q3 2023Q1 2024Q1 2024Q2 2024Q3 2025Q1 2025Q2 2025Q3 2026Q1 2026Q2,0.707,0.0101,0.179,0.5772,0.1059,0.4,10.0,0.57,7.0,0.025
2021Q1-2026Q2,bkng_room_nights_accel_pp,BKNG room nights accel (pp q/q),abnb_rev_beat_pct,ABNB revenue beat vs guide midpoint (%),9,2023Q1 2024Q1 2024Q2 2024Q3 2025Q1 2025Q2 2025Q3 2026Q1 2026Q2,0.204,0.5988,-0.093,0.8115,0.5624,0.29,7.0,0.6,5.0,0.822
2021Q1-2026Q2,bkng_room_nights_accel_pp,BKNG room nights accel (pp q/q),abnb_excess_1d_pct,ABNB day-1 excess return,12,2021Q1 2021Q2 2021Q3 2023Q1 2024Q1 2024Q2 2024Q3 2025Q1 2025Q2 2025Q3 2026Q1 2026Q2,-0.251,0.4312,-0.007,0.9827,0.4326,0.6,10.0,0.43,7.0,0.716
2021Q1-2026Q2,bkng_gb_yoy,BKNG gross bookings y/y (reported),abnb_nights_yoy,ABNB nights y/y,12,2021Q1 2021Q2 2021Q3 2023Q1 2024Q1 2024Q2 2024Q3 2025Q1 2025Q2 2025Q3 2026Q1 2026Q2,0.999,0.0,0.515,0.0867,0.003,0.92,12.0,0.57,7.0,0.0
2021Q1-2026Q2,bkng_gb_yoy,BKNG gross bookings y/y (reported),abnb_nights_accel_pp,ABNB nights accel (pp q/q),12,2021Q1 2021Q2 2021Q3 2023Q1 2024Q1 2024Q2 2024Q3 2025Q1 2025Q2 2025Q3 2026Q1 2026Q2,0.68,0.0151,-0.053,0.8712,0.1548,0.25,12.0,0.71,7.0,0.037
2021Q1-2026Q2,bkng_gb_yoy,BKNG gross bookings y/y (reported),abnb_gbv_yoy,ABNB GBV y/y,12,2021Q1 2021Q2 2021Q3 2023Q1 2024Q1 2024Q2 2024Q3 2025Q1 2025Q2 2025Q3 2026Q1 2026Q2,0.988,0.0,0.487,0.1084,0.017,0.92,12.0,0.86,7.0,0.0
2021Q1-2026Q2,bkng_gb_yoy,BKNG gross bookings y/y (reported),abnb_rev_beat_pct,ABNB revenue beat vs guide midpoint (%),9,2023Q1 2024Q1 2024Q2 2024Q3 2025Q1 2025Q2 2025Q3 2026Q1 2026Q2,0.062,0.8743,0.349,0.3577,0.9051,1.0,9.0,0.6,5.0,0.943
2021Q1-2026Q2,bkng_gb_yoy,BKNG gross bookings y/y (reported),abnb_excess_1d_pct,ABNB day-1 excess return,12,2021Q1 2021Q2 2021Q3 2023Q1 2024Q1 2024Q2 2024Q3 2025Q1 2025Q2 2025Q3 2026Q1 2026Q2,0.103,0.7501,0.13,0.6881,0.6683,0.33,12.0,0.43,7.0,0.933
2021Q1-2026Q2,bkng_gb_yoy_cc,BKNG gross bookings y/y (constant currency),abnb_nights_yoy,ABNB nights y/y,10,2021Q1 2021Q2 2021Q3 2023Q1 2024Q2 2025Q1 2025Q2 2025Q3 2026Q1 2026Q2,0.999,0.0,0.463,0.1774,0.001,0.9,10.0,1.0,4.0,0.0
2021Q1-2026Q2,bkng_gb_yoy_cc,BKNG gross bookings y/y (constant currency),abnb_nights_accel_pp,ABNB nights accel (pp q/q),10,2021Q1 2021Q2 2021Q3 2023Q1 2024Q2 2025Q1 2025Q2 2025Q3 2026Q1 2026Q2,0.679,0.031,-0.189,0.601,0.1888,0.3,10.0,0.75,4.0,0.068
2021Q1-2026Q2,bkng_gb_yoy_cc,BKNG gross bookings y/y (constant currency),abnb_gbv_yoy,ABNB GBV y/y,10,2021Q1 2021Q2 2021Q3 2023Q1 2024Q2 2025Q1 2025Q2 2025Q3 2026Q1 2026Q2,0.987,0.0,0.207,0.5655,0.022,0.9,10.0,0.75,4.0,0.0
2021Q1-2026Q2,bkng_gb_yoy_cc,BKNG gross bookings y/y (constant currency),abnb_rev_beat_pct,ABNB revenue beat vs guide midpoint (%),7,2023Q1 2024Q2 2025Q1 2025Q2 2025Q3 2026Q1 2026Q2,0.098,0.8349,-0.273,0.554,0.9301,1.0,7.0,0.0,2.0,0.943
2021Q1-2026Q2,bkng_gb_yoy_cc,BKNG gross bookings y/y (constant currency),abnb_excess_1d_pct,ABNB day-1 excess return,10,2021Q1 2021Q2 2021Q3 2023Q1 2024Q2 2025Q1 2025Q2 2025Q3 2026Q1 2026Q2,0.052,0.8859,0.122,0.7372,0.7043,0.4,10.0,0.5,4.0,0.943
2021Q1-2026Q2,bkng_excess_1d_pct,BKNG day-1 excess return,abnb_nights_yoy,ABNB nights y/y,12,2021Q1 2021Q2 2021Q3 2023Q1 2024Q1 2024Q2 2024Q3 2025Q1 2025Q2 2025Q3 2026Q1 2026Q2,0.287,0.3661,-0.105,0.7456,0.4136,0.5,12.0,0.71,7.0,0.647
2021Q1-2026Q2,bkng_excess_1d_pct,BKNG day-1 excess return,abnb_nights_accel_pp,ABNB nights accel (pp q/q),12,2021Q1 2021Q2 2021Q3 2023Q1 2024Q1 2024Q2 2024Q3 2025Q1 2025Q2 2025Q3 2026Q1 2026Q2,0.253,0.4273,0.189,0.5567,0.4505,0.5,12.0,0.57,7.0,0.716
2021Q1-2026Q2,bkng_excess_1d_pct,BKNG day-1 excess return,abnb_gbv_yoy,ABNB GBV y/y,12,2021Q1 2021Q2 2021Q3 2023Q1 2024Q1 2024Q2 2024Q3 2025Q1 2025Q2 2025Q3 2026Q1 2026Q2,0.26,0.4152,-0.21,0.5128,0.4496,0.5,12.0,0.43,7.0,0.716
2021Q1-2026Q2,bkng_excess_1d_pct,BKNG day-1 excess return,abnb_rev_beat_pct,ABNB revenue beat vs guide midpoint (%),9,2023Q1 2024Q1 2024Q2 2024Q3 2025Q1 2025Q2 2025Q3 2026Q1 2026Q2,-0.196,0.6142,-0.226,0.5588,0.6364,0.56,9.0,0.4,5.0,0.822
2021Q1-2026Q2,bkng_excess_1d_pct,BKNG day-1 excess return,abnb_excess_1d_pct,ABNB day-1 excess return,12,2021Q1 2021Q2 2021Q3 2023Q1 2024Q1 2024Q2 2024Q3 2025Q1 2025Q2 2025Q3 2026Q1 2026Q2,0.376,0.2287,0.343,0.2756,0.2288,0.42,12.0,0.57,7.0,0.441
2021Q1-2026Q2,expe_room_nights_yoy,EXPE room nights y/y,abnb_nights_yoy,ABNB nights y/y,11,2021Q1 2021Q2 2021Q4 2022Q1 2022Q4 2023Q1 2023Q2 2023Q4 2024Q1 2024Q4 2026Q2,0.954,0.0,0.836,0.0013,0.001,0.91,11.0,0.6,5.0,0.0
2021Q1-2026Q2,expe_room_nights_yoy,EXPE room nights y/y,abnb_nights_accel_pp,ABNB nights accel (pp q/q),11,2021Q1 2021Q2 2021Q4 2022Q1 2022Q4 2023Q1 2023Q2 2023Q4 2024Q1 2024Q4 2026Q2,0.786,0.0041,0.227,0.5015,0.0709,0.45,11.0,1.0,5.0,0.012
2021Q1-2026Q2,expe_room_nights_yoy,EXPE room nights y/y,abnb_gbv_yoy,ABNB GBV y/y,11,2021Q1 2021Q2 2021Q4 2022Q1 2022Q4 2023Q1 2023Q2 2023Q4 2024Q1 2024Q4 2026Q2,0.908,0.0001,0.636,0.0353,0.009,0.91,11.0,0.8,5.0,0.0
2021Q1-2026Q2,expe_room_nights_yoy,EXPE room nights y/y,abnb_rev_beat_pct,ABNB revenue beat vs guide midpoint (%),9,2021Q4 2022Q1 2022Q4 2023Q1 2023Q2 2023Q4 2024Q1 2024Q4 2026Q2,0.74,0.0226,0.367,0.3317,0.03,1.0,9.0,0.25,4.0,0.051
2021Q1-2026Q2,expe_room_nights_yoy,EXPE room nights y/y,abnb_excess_1d_pct,ABNB day-1 excess return,11,2021Q1 2021Q2 2021Q4 2022Q1 2022Q4 2023Q1 2023Q2 2023Q4 2024Q1 2024Q4 2026Q2,-0.062,0.8564,-0.027,0.9366,0.8601,0.6,10.0,0.2,5.0,0.943
2021Q1-2026Q2,expe_room_nights_accel_pp,EXPE room nights accel (pp q/q),abnb_nights_yoy,ABNB nights y/y,11,2021Q1 2021Q2 2021Q4 2022Q1 2022Q4 2023Q1 2023Q2 2023Q4 2024Q1 2024Q4 2026Q2,0.929,0.0,0.337,0.3107,0.0659,0.45,11.0,0.6,5.0,0.0
2021Q1-2026Q2,expe_room_nights_accel_pp,EXPE room nights accel (pp q/q),abnb_nights_accel_pp,ABNB nights accel (pp q/q),11,2021Q1 2021Q2 2021Q4 2022Q1 2022Q4 2023Q1 2023Q2 2023Q4 2024Q1 2024Q4 2026Q2,0.971,0.0,0.774,0.0051,0.003,0.73,11.0,1.0,5.0,0.0
2021Q1-2026Q2,expe_room_nights_accel_pp,EXPE room nights accel (pp q/q),abnb_gbv_yoy,ABNB GBV y/y,11,2021Q1 2021Q2 2021Q4 2022Q1 2022Q4 2023Q1 2023Q2 2023Q4 2024Q1 2024Q4 2026Q2,0.956,0.0,0.487,0.1283,0.016,0.45,11.0,0.8,5.0,0.0
2021Q1-2026Q2,expe_room_nights_accel_pp,EXPE room nights accel (pp q/q),abnb_rev_beat_pct,ABNB revenue beat vs guide midpoint (%),9,2021Q4 2022Q1 2022Q4 2023Q1 2023Q2 2023Q4 2024Q1 2024Q4 2026Q2,0.135,0.7292,-0.226,0.5588,0.7263,0.33,9.0,0.25,4.0,0.931
2021Q1-2026Q2,expe_room_nights_accel_pp,EXPE room nights accel (pp q/q),abnb_excess_1d_pct,ABNB day-1 excess return,11,2021Q1 2021Q2 2021Q4 2022Q1 2022Q4 2023Q1 2023Q2 2023Q4 2024Q1 2024Q4 2026Q2,-0.091,0.7905,-0.1,0.7694,0.6963,0.6,10.0,0.2,5.0,0.943
2021Q1-2026Q2,expe_gb_yoy,EXPE gross bookings y/y,abnb_nights_yoy,ABNB nights y/y,11,2021Q1 2021Q2 2021Q4 2022Q1 2022Q4 2023Q1 2023Q2 2023Q4 2024Q1 2024Q4 2026Q2,0.984,0.0,0.818,0.0021,0.001,0.91,11.0,0.6,5.0,0.0
2021Q1-2026Q2,expe_gb_yoy,EXPE gross bookings y/y,abnb_nights_accel_pp,ABNB nights accel (pp q/q),11,2021Q1 2021Q2 2021Q4 2022Q1 2022Q4 2023Q1 2023Q2 2023Q4 2024Q1 2024Q4 2026Q2,0.941,0.0,0.336,0.3118,0.022,0.45,11.0,1.0,5.0,0.0
2021Q1-2026Q2,expe_gb_yoy,EXPE gross bookings y/y,abnb_gbv_yoy,ABNB GBV y/y,11,2021Q1 2021Q2 2021Q4 2022Q1 2022Q4 2023Q1 2023Q2 2023Q4 2024Q1 2024Q4 2026Q2,0.984,0.0,0.709,0.0146,0.003,0.91,11.0,0.8,5.0,0.0
2021Q1-2026Q2,expe_gb_yoy,EXPE gross bookings y/y,abnb_rev_beat_pct,ABNB revenue beat vs guide midpoint (%),9,2021Q4 2022Q1 2022Q4 2023Q1 2023Q2 2023Q4 2024Q1 2024Q4 2026Q2,0.748,0.0205,0.117,0.765,0.039,1.0,9.0,0.25,4.0,0.047
2021Q1-2026Q2,expe_gb_yoy,EXPE gross bookings y/y,abnb_excess_1d_pct,ABNB day-1 excess return,11,2021Q1 2021Q2 2021Q4 2022Q1 2022Q4 2023Q1 2023Q2 2023Q4 2024Q1 2024Q4 2026Q2,-0.066,0.8472,0.191,0.5739,0.7722,0.6,10.0,0.2,5.0,0.943
2021Q1-2026Q2,expe_excess_1d_pct,EXPE day-1 excess return,abnb_nights_yoy,ABNB nights y/y,11,2021Q1 2021Q2 2021Q4 2022Q1 2022Q4 2023Q1 2023Q2 2023Q4 2024Q1 2024Q4 2026Q2,-0.068,0.8416,0.264,0.4334,0.8601,0.36,11.0,0.2,5.0,0.943
2021Q1-2026Q2,expe_excess_1d_pct,EXPE day-1 excess return,abnb_nights_accel_pp,ABNB nights accel (pp q/q),11,2021Q1 2021Q2 2021Q4 2022Q1 2022Q4 2023Q1 2023Q2 2023Q4 2024Q1 2024Q4 2026Q2,0.082,0.8117,0.573,0.0655,0.8462,0.64,11.0,0.6,5.0,0.943
2021Q1-2026Q2,expe_excess_1d_pct,EXPE day-1 excess return,abnb_gbv_yoy,ABNB GBV y/y,11,2021Q1 2021Q2 2021Q4 2022Q1 2022Q4 2023Q1 2023Q2 2023Q4 2024Q1 2024Q4 2026Q2,-0.023,0.9469,0.318,0.3403,0.952,0.36,11.0,0.4,5.0,0.958
2021Q1-2026Q2,expe_excess_1d_pct,EXPE day-1 excess return,abnb_rev_beat_pct,ABNB revenue beat vs guide midpoint (%),9,2021Q4 2022Q1 2022Q4 2023Q1 2023Q2 2023Q4 2024Q1 2024Q4 2026Q2,-0.206,0.5956,-0.367,0.3317,0.6004,0.33,9.0,0.5,4.0,0.822
2021Q1-2026Q2,expe_excess_1d_pct,EXPE day-1 excess return,abnb_excess_1d_pct,ABNB day-1 excess return,11,2021Q1 2021Q2 2021Q4 2022Q1 2022Q4 2023Q1 2023Q2 2023Q4 2024Q1 2024Q4 2026Q2,0.355,0.284,0.382,0.2466,0.3117,0.5,10.0,0.2,5.0,0.536
2021Q1-2026Q2,ota_room_nights_yoy,BKNG+EXPE mean room nights y/y,abnb_nights_yoy,ABNB nights y/y,5,2021Q1 2021Q2 2023Q1 2024Q1 2026Q2,0.99,0.0013,0.6,0.2848,0.0609,0.8,5.0,1.0,1.0,0.004
2021Q1-2026Q2,ota_room_nights_yoy,BKNG+EXPE mean room nights y/y,abnb_nights_accel_pp,ABNB nights accel (pp q/q),5,2021Q1 2021Q2 2023Q1 2024Q1 2026Q2,0.906,0.0341,0.1,0.8729,0.1888,0.4,5.0,1.0,1.0,0.073
2021Q1-2026Q2,ota_room_nights_yoy,BKNG+EXPE mean room nights y/y,abnb_gbv_yoy,ABNB GBV y/y,5,2021Q1 2021Q2 2023Q1 2024Q1 2026Q2,0.965,0.0078,0.3,0.6238,0.1778,0.8,5.0,1.0,1.0,0.021
2021Q1-2026Q2,ota_room_nights_yoy,BKNG+EXPE mean room nights y/y,abnb_rev_beat_pct,ABNB revenue beat vs guide midpoint (%),3,2023Q1 2024Q1 2026Q2,,,,,,,,,,
2021Q1-2026Q2,ota_room_nights_yoy,BKNG+EXPE mean room nights y/y,abnb_excess_1d_pct,ABNB day-1 excess return,5,2021Q1 2021Q2 2023Q1 2024Q1 2026Q2,-0.023,0.9708,-0.6,0.2848,0.958,0.4,5.0,0.0,1.0,0.971
2021Q1-2026Q2,ota_room_nights_accel_pp,BKNG+EXPE mean room nights accel (pp),abnb_nights_yoy,ABNB nights y/y,5,2021Q1 2021Q2 2023Q1 2024Q1 2026Q2,0.997,0.0002,0.9,0.0374,0.0659,0.6,5.0,1.0,1.0,0.001
2021Q1-2026Q2,ota_room_nights_accel_pp,BKNG+EXPE mean room nights accel (pp),abnb_nights_accel_pp,ABNB nights accel (pp q/q),5,2021Q1 2021Q2 2023Q1 2024Q1 2026Q2,0.977,0.0042,0.9,0.0374,0.032,0.6,5.0,1.0,1.0,0.012
2021Q1-2026Q2,ota_room_nights_accel_pp,BKNG+EXPE mean room nights accel (pp),abnb_gbv_yoy,ABNB GBV y/y,5,2021Q1 2021Q2 2023Q1 2024Q1 2026Q2,0.999,0.0,1.0,0.0,0.008,0.6,5.0,1.0,1.0,0.0
2021Q1-2026Q2,ota_room_nights_accel_pp,BKNG+EXPE mean room nights accel (pp),abnb_rev_beat_pct,ABNB revenue beat vs guide midpoint (%),3,2023Q1 2024Q1 2026Q2,,,,,,,,,,
2021Q1-2026Q2,ota_room_nights_accel_pp,BKNG+EXPE mean room nights accel (pp),abnb_excess_1d_pct,ABNB day-1 excess return,5,2021Q1 2021Q2 2023Q1 2024Q1 2026Q2,0.045,0.9433,0.1,0.8729,0.8801,0.6,5.0,0.0,1.0,0.958
2021Q1-2026Q2,mar_revpar_yoy,MAR worldwide RevPAR y/y,abnb_nights_yoy,ABNB nights y/y,18,2021Q1 2021Q2 2021Q3 2021Q4 2022Q2 2022Q4 2023Q1 2023Q2 2023Q4 2024Q1 2024Q2 2024Q3 2024Q4 2025Q2 2025Q3 2025Q4 2026Q1 2026Q2,0.911,0.0,0.785,0.0001,0.001,0.94,18.0,0.62,13.0,0.0
2021Q1-2026Q2,mar_revpar_yoy,MAR worldwide RevPAR y/y,abnb_nights_accel_pp,ABNB nights accel (pp q/q),18,2021Q1 2021Q2 2021Q3 2021Q4 2022Q2 2022Q4 2023Q1 2023Q2 2023Q4 2024Q1 2024Q2 2024Q3 2024Q4 2025Q2 2025Q3 2025Q4 2026Q1 2026Q2,0.335,0.174,-0.311,0.2094,0.1449,0.33,18.0,0.62,13.0,0.344
2021Q1-2026Q2,mar_revpar_yoy,MAR worldwide RevPAR y/y,abnb_gbv_yoy,ABNB GBV y/y,18,2021Q1 2021Q2 2021Q3 2021Q4 2022Q2 2022Q4 2023Q1 2023Q2 2023Q4 2024Q1 2024Q2 2024Q3 2024Q4 2025Q2 2025Q3 2025Q4 2026Q1 2026Q2,0.876,0.0,0.519,0.0272,0.003,0.94,18.0,0.77,13.0,0.0
2021Q1-2026Q2,mar_revpar_yoy,MAR worldwide RevPAR y/y,abnb_rev_beat_pct,ABNB revenue beat vs guide midpoint (%),15,2021Q4 2022Q2 2022Q4 2023Q1 2023Q2 2023Q4 2024Q1 2024Q2 2024Q3 2024Q4 2025Q2 2025Q3 2025Q4 2026Q1 2026Q2,0.538,0.0387,0.428,0.1119,0.0549,1.0,15.0,0.5,10.0,0.08
2021Q1-2026Q2,mar_revpar_yoy,MAR worldwide RevPAR y/y,abnb_excess_1d_pct,ABNB day-1 excess return,18,2021Q1 2021Q2 2021Q3 2021Q4 2022Q2 2022Q4 2023Q1 2023Q2 2023Q4 2024Q1 2024Q2 2024Q3 2024Q4 2025Q2 2025Q3 2025Q4 2026Q1 2026Q2,0.13,0.6083,0.099,0.6956,0.5994,0.47,17.0,0.23,13.0,0.822
2021Q1-2026Q2,mar_revpar_accel_pp,MAR RevPAR accel (pp q/q),abnb_nights_yoy,ABNB nights y/y,18,2021Q1 2021Q2 2021Q3 2021Q4 2022Q2 2022Q4 2023Q1 2023Q2 2023Q4 2024Q1 2024Q2 2024Q3 2024Q4 2025Q2 2025Q3 2025Q4 2026Q1 2026Q2,0.844,0.0,0.156,0.5369,0.0559,0.44,18.0,0.69,13.0,0.0
2021Q1-2026Q2,mar_revpar_accel_pp,MAR RevPAR accel (pp q/q),abnb_nights_accel_pp,ABNB nights accel (pp q/q),18,2021Q1 2021Q2 2021Q3 2021Q4 2022Q2 2022Q4 2023Q1 2023Q2 2023Q4 2024Q1 2024Q2 2024Q3 2024Q4 2025Q2 2025Q3 2025Q4 2026Q1 2026Q2,0.939,0.0,0.808,0.0,0.001,0.72,18.0,0.69,13.0,0.0
2021Q1-2026Q2,mar_revpar_accel_pp,MAR RevPAR accel (pp q/q),abnb_gbv_yoy,ABNB GBV y/y,18,2021Q1 2021Q2 2021Q3 2021Q4 2022Q2 2022Q4 2023Q1 2023Q2 2023Q4 2024Q1 2024Q2 2024Q3 2024Q4 2025Q2 2025Q3 2025Q4 2026Q1 2026Q2,0.846,0.0,0.358,0.1445,0.038,0.44,18.0,0.85,13.0,0.0
2021Q1-2026Q2,mar_revpar_accel_pp,MAR RevPAR accel (pp q/q),abnb_rev_beat_pct,ABNB revenue beat vs guide midpoint (%),15,2021Q4 2022Q2 2022Q4 2023Q1 2023Q2 2023Q4 2024Q1 2024Q2 2024Q3 2024Q4 2025Q2 2025Q3 2025Q4 2026Q1 2026Q2,0.177,0.527,0.025,0.9295,0.4965,0.4,15.0,0.4,10.0,0.81
2021Q1-2026Q2,mar_revpar_accel_pp,MAR RevPAR accel (pp q/q),abnb_excess_1d_pct,ABNB day-1 excess return,18,2021Q1 2021Q2 2021Q3 2021Q4 2022Q2 2022Q4 2023Q1 2023Q2 2023Q4 2024Q1 2024Q2 2024Q3 2024Q4 2025Q2 2025Q3 2025Q4 2026Q1 2026Q2,-0.132,0.601,0.079,0.754,0.6184,0.59,17.0,0.31,13.0,0.822
2021Q1-2026Q2,mar_excess_1d_pct,MAR day-1 excess return,abnb_nights_yoy,ABNB nights y/y,18,2021Q1 2021Q2 2021Q3 2021Q4 2022Q2 2022Q4 2023Q1 2023Q2 2023Q4 2024Q1 2024Q2 2024Q3 2024Q4 2025Q2 2025Q3 2025Q4 2026Q1 2026Q2,-0.039,0.8785,0.129,0.6099,0.8521,0.44,18.0,0.46,13.0,0.943
2021Q1-2026Q2,mar_excess_1d_pct,MAR day-1 excess return,abnb_nights_accel_pp,ABNB nights accel (pp q/q),18,2021Q1 2021Q2 2021Q3 2021Q4 2022Q2 2022Q4 2023Q1 2023Q2 2023Q4 2024Q1 2024Q2 2024Q3 2024Q4 2025Q2 2025Q3 2025Q4 2026Q1 2026Q2,-0.141,0.5777,-0.24,0.3365,0.5974,0.5,18.0,0.46,13.0,0.822
2021Q1-2026Q2,mar_excess_1d_pct,MAR day-1 excess return,abnb_gbv_yoy,ABNB GBV y/y,18,2021Q1 2021Q2 2021Q3 2021Q4 2022Q2 2022Q4 2023Q1 2023Q2 2023Q4 2024Q1 2024Q2 2024Q3 2024Q4 2025Q2 2025Q3 2025Q4 2026Q1 2026Q2,-0.054,0.8322,0.183,0.4682,0.8052,0.44,18.0,0.46,13.0,0.943
2021Q1-2026Q2,mar_excess_1d_pct,MAR day-1 excess return,abnb_rev_beat_pct,ABNB revenue beat vs guide midpoint (%),15,2021Q4 2022Q2 2022Q4 2023Q1 2023Q2 2023Q4 2024Q1 2024Q2 2024Q3 2024Q4 2025Q2 2025Q3 2025Q4 2026Q1 2026Q2,0.292,0.2918,0.318,0.2478,0.3047,0.47,15.0,0.5,10.0,0.538
2021Q1-2026Q2,mar_excess_1d_pct,MAR day-1 excess return,abnb_excess_1d_pct,ABNB day-1 excess return,18,2021Q1 2021Q2 2021Q3 2021Q4 2022Q2 2022Q4 2023Q1 2023Q2 2023Q4 2024Q1 2024Q2 2024Q3 2024Q4 2025Q2 2025Q3 2025Q4 2026Q1 2026Q2,-0.08,0.7529,0.003,0.9903,0.7493,0.65,17.0,0.54,13.0,0.933
2021Q1-2026Q2,hlt_revpar_yoy,HLT system-wide RevPAR y/y,abnb_nights_yoy,ABNB nights y/y,20,2021Q1 2021Q2 2021Q3 2022Q1 2022Q2 2022Q3 2022Q4 2023Q1 2023Q2 2023Q3 2023Q4 2024Q1 2024Q3 2024Q4 2025Q1 2025Q2 2025Q3 2025Q4 2026Q1 2026Q2,0.93,0.0,0.83,0.0,0.001,0.85,20.0,0.71,17.0,0.0
2021Q1-2026Q2,hlt_revpar_yoy,HLT system-wide RevPAR y/y,abnb_nights_accel_pp,ABNB nights accel (pp q/q),20,2021Q1 2021Q2 2021Q3 2022Q1 2022Q2 2022Q3 2022Q4 2023Q1 2023Q2 2023Q3 2023Q4 2024Q1 2024Q3 2024Q4 2025Q1 2025Q2 2025Q3 2025Q4 2026Q1 2026Q2,0.34,0.143,-0.307,0.1883,0.1049,0.4,20.0,0.65,17.0,0.289
2021Q1-2026Q2,hlt_revpar_yoy,HLT system-wide RevPAR y/y,abnb_gbv_yoy,ABNB GBV y/y,20,2021Q1 2021Q2 2021Q3 2022Q1 2022Q2 2022Q3 2022Q4 2023Q1 2023Q2 2023Q3 2023Q4 2024Q1 2024Q3 2024Q4 2025Q1 2025Q2 2025Q3 2025Q4 2026Q1 2026Q2,0.89,0.0,0.609,0.0044,0.002,0.85,20.0,0.65,17.0,0.0
2021Q1-2026Q2,hlt_revpar_yoy,HLT system-wide RevPAR y/y,abnb_rev_beat_pct,ABNB revenue beat vs guide midpoint (%),17,2022Q1 2022Q2 2022Q3 2022Q4 2023Q1 2023Q2 2023Q3 2023Q4 2024Q1 2024Q3 2024Q4 2025Q1 2025Q2 2025Q3 2025Q4 2026Q1 2026Q2,0.238,0.3583,0.246,0.3403,0.3856,0.88,17.0,0.4,15.0,0.646
2021Q1-2026Q2,hlt_revpar_yoy,HLT system-wide RevPAR y/y,abnb_excess_1d_pct,ABNB day-1 excess return,20,2021Q1 2021Q2 2021Q3 2022Q1 2022Q2 2022Q3 2022Q4 2023Q1 2023Q2 2023Q3 2023Q4 2024Q1 2024Q3 2024Q4 2025Q1 2025Q2 2025Q3 2025Q4 2026Q1 2026Q2,0.108,0.6495,0.053,0.8256,0.6653,0.42,19.0,0.53,17.0,0.842
2021Q1-2026Q2,hlt_revpar_accel_pp,HLT RevPAR accel (pp q/q),abnb_nights_yoy,ABNB nights y/y,20,2021Q1 2021Q2 2021Q3 2022Q1 2022Q2 2022Q3 2022Q4 2023Q1 2023Q2 2023Q3 2023Q4 2024Q1 2024Q3 2024Q4 2025Q1 2025Q2 2025Q3 2025Q4 2026Q1 2026Q2,0.807,0.0,-0.254,0.2796,0.047,0.35,20.0,0.71,17.0,0.0
2021Q1-2026Q2,hlt_revpar_accel_pp,HLT RevPAR accel (pp q/q),abnb_nights_accel_pp,ABNB nights accel (pp q/q),20,2021Q1 2021Q2 2021Q3 2022Q1 2022Q2 2022Q3 2022Q4 2023Q1 2023Q2 2023Q3 2023Q4 2024Q1 2024Q3 2024Q4 2025Q1 2025Q2 2025Q3 2025Q4 2026Q1 2026Q2,0.946,0.0,0.577,0.0077,0.001,0.7,20.0,0.65,17.0,0.0
2021Q1-2026Q2,hlt_revpar_accel_pp,HLT RevPAR accel (pp q/q),abnb_gbv_yoy,ABNB GBV y/y,20,2021Q1 2021Q2 2021Q3 2022Q1 2022Q2 2022Q3 2022Q4 2023Q1 2023Q2 2023Q3 2023Q4 2024Q1 2024Q3 2024Q4 2025Q1 2025Q2 2025Q3 2025Q4 2026Q1 2026Q2,0.829,0.0,-0.036,0.8799,0.047,0.35,20.0,0.76,17.0,0.0
2021Q1-2026Q2,hlt_revpar_accel_pp,HLT RevPAR accel (pp q/q),abnb_rev_beat_pct,ABNB revenue beat vs guide midpoint (%),17,2022Q1 2022Q2 2022Q3 2022Q4 2023Q1 2023Q2 2023Q3 2023Q4 2024Q1 2024Q3 2024Q4 2025Q1 2025Q2 2025Q3 2025Q4 2026Q1 2026Q2,-0.154,0.5549,-0.197,0.4475,0.5524,0.29,17.0,0.53,15.0,0.822
2021Q1-2026Q2,hlt_revpar_accel_pp,HLT RevPAR accel (pp q/q),abnb_excess_1d_pct,ABNB day-1 excess return,20,2021Q1 2021Q2 2021Q3 2022Q1 2022Q2 2022Q3 2022Q4 2023Q1 2023Q2 2023Q3 2023Q4 2024Q1 2024Q3 2024Q4 2025Q1 2025Q2 2025Q3 2025Q4 2026Q1 2026Q2,-0.114,0.6308,0.141,0.5522,0.6533,0.68,19.0,0.53,17.0,0.831
2021Q1-2026Q2,hlt_excess_1d_pct,HLT day-1 excess return,abnb_nights_yoy,ABNB nights y/y,20,2021Q1 2021Q2 2021Q3 2022Q1 2022Q2 2022Q3 2022Q4 2023Q1 2023Q2 2023Q3 2023Q4 2024Q1 2024Q3 2024Q4 2025Q1 2025Q2 2025Q3 2025Q4 2026Q1 2026Q2,0.179,0.4494,0.123,0.6045,0.5225,0.55,20.0,0.65,17.0,0.719
2021Q1-2026Q2,hlt_excess_1d_pct,HLT day-1 excess return,abnb_nights_accel_pp,ABNB nights accel (pp q/q),20,2021Q1 2021Q2 2021Q3 2022Q1 2022Q2 2022Q3 2022Q4 2023Q1 2023Q2 2023Q3 2023Q4 2024Q1 2024Q3 2024Q4 2025Q1 2025Q2 2025Q3 2025Q4 2026Q1 2026Q2,0.02,0.9318,0.059,0.806,0.9481,0.6,20.0,0.59,17.0,0.958
2021Q1-2026Q2,hlt_excess_1d_pct,HLT day-1 excess return,abnb_gbv_yoy,ABNB GBV y/y,20,2021Q1 2021Q2 2021Q3 2022Q1 2022Q2 2022Q3 2022Q4 2023Q1 2023Q2 2023Q3 2023Q4 2024Q1 2024Q3 2024Q4 2025Q1 2025Q2 2025Q3 2025Q4 2026Q1 2026Q2,0.158,0.5053,-0.077,0.7479,0.5824,0.55,20.0,0.47,17.0,0.791
2021Q1-2026Q2,hlt_excess_1d_pct,HLT day-1 excess return,abnb_rev_beat_pct,ABNB revenue beat vs guide midpoint (%),17,2022Q1 2022Q2 2022Q3 2022Q4 2023Q1 2023Q2 2023Q3 2023Q4 2024Q1 2024Q3 2024Q4 2025Q1 2025Q2 2025Q3 2025Q4 2026Q1 2026Q2,-0.159,0.5421,-0.077,0.7682,0.5435,0.53,17.0,0.47,15.0,0.818
2021Q1-2026Q2,hlt_excess_1d_pct,HLT day-1 excess return,abnb_excess_1d_pct,ABNB day-1 excess return,20,2021Q1 2021Q2 2021Q3 2022Q1 2022Q2 2022Q3 2022Q4 2023Q1 2023Q2 2023Q3 2023Q4 2024Q1 2024Q3 2024Q4 2025Q1 2025Q2 2025Q3 2025Q4 2026Q1 2026Q2,0.179,0.4505,0.134,0.5738,0.4436,0.58,19.0,0.59,17.0,0.719
2023Q1-2026Q2,bkng_room_nights_yoy,BKNG room nights y/y,abnb_nights_yoy,ABNB nights y/y,9,2023Q1 2024Q1 2024Q2 2024Q3 2025Q1 2025Q2 2025Q3 2026Q1 2026Q2,0.948,0.0001,0.119,0.7601,0.0989,1.0,9.0,0.25,4.0,0.002
2023Q1-2026Q2,bkng_room_nights_yoy,BKNG room nights y/y,abnb_nights_accel_pp,ABNB nights accel (pp q/q),9,2023Q1 2024Q1 2024Q2 2024Q3 2025Q1 2025Q2 2025Q3 2026Q1 2026Q2,-0.165,0.6721,-0.247,0.5219,0.5265,0.22,9.0,0.5,4.0,0.848
2023Q1-2026Q2,bkng_room_nights_yoy,BKNG room nights y/y,abnb_gbv_yoy,ABNB GBV y/y,9,2023Q1 2024Q1 2024Q2 2024Q3 2025Q1 2025Q2 2025Q3 2026Q1 2026Q2,0.449,0.2258,-0.077,0.8447,0.3107,1.0,9.0,0.75,4.0,0.703
2023Q1-2026Q2,bkng_room_nights_yoy,BKNG room nights y/y,abnb_rev_beat_pct,ABNB revenue beat vs guide midpoint (%),9,2023Q1 2024Q1 2024Q2 2024Q3 2025Q1 2025Q2 2025Q3 2026Q1 2026Q2,0.031,0.9364,0.154,0.6927,0.9421,1.0,9.0,0.75,4.0,0.987
2023Q1-2026Q2,bkng_room_nights_yoy,BKNG room nights y/y,abnb_excess_1d_pct,ABNB day-1 excess return,9,2023Q1 2024Q1 2024Q2 2024Q3 2025Q1 2025Q2 2025Q3 2026Q1 2026Q2,-0.421,0.259,-0.477,0.1945,0.1329,0.22,9.0,0.5,4.0,0.703
2023Q1-2026Q2,bkng_room_nights_accel_pp,BKNG room nights accel (pp q/q),abnb_nights_yoy,ABNB nights y/y,9,2023Q1 2024Q1 2024Q2 2024Q3 2025Q1 2025Q2 2025Q3 2026Q1 2026Q2,0.054,0.8893,-0.177,0.6483,0.8841,0.29,7.0,0.4,5.0,0.987
2023Q1-2026Q2,bkng_room_nights_accel_pp,BKNG room nights accel (pp q/q),abnb_nights_accel_pp,ABNB nights accel (pp q/q),9,2023Q1 2024Q1 2024Q2 2024Q3 2025Q1 2025Q2 2025Q3 2026Q1 2026Q2,0.626,0.0714,0.498,0.1725,0.0829,0.57,7.0,0.6,5.0,0.382
2023Q1-2026Q2,bkng_room_nights_accel_pp,BKNG room nights accel (pp q/q),abnb_gbv_yoy,ABNB GBV y/y,9,2023Q1 2024Q1 2024Q2 2024Q3 2025Q1 2025Q2 2025Q3 2026Q1 2026Q2,0.132,0.7353,-0.211,0.5858,0.7822,0.29,7.0,0.4,5.0,0.904
2023Q1-2026Q2,bkng_room_nights_accel_pp,BKNG room nights accel (pp q/q),abnb_rev_beat_pct,ABNB revenue beat vs guide midpoint (%),9,2023Q1 2024Q1 2024Q2 2024Q3 2025Q1 2025Q2 2025Q3 2026Q1 2026Q2,0.204,0.5988,-0.093,0.8115,0.5554,0.29,7.0,0.6,5.0,0.806
2023Q1-2026Q2,bkng_room_nights_accel_pp,BKNG room nights accel (pp q/q),abnb_excess_1d_pct,ABNB day-1 excess return,9,2023Q1 2024Q1 2024Q2 2024Q3 2025Q1 2025Q2 2025Q3 2026Q1 2026Q2,-0.192,0.6211,-0.16,0.6803,0.5844,0.57,7.0,0.6,5.0,0.806
2023Q1-2026Q2,bkng_gb_yoy,BKNG gross bookings y/y (reported),abnb_nights_yoy,ABNB nights y/y,9,2023Q1 2024Q1 2024Q2 2024Q3 2025Q1 2025Q2 2025Q3 2026Q1 2026Q2,0.924,0.0004,0.444,0.2318,0.0559,1.0,9.0,0.4,5.0,0.006
2023Q1-2026Q2,bkng_gb_yoy,BKNG gross bookings y/y (reported),abnb_nights_accel_pp,ABNB nights accel (pp q/q),9,2023Q1 2024Q1 2024Q2 2024Q3 2025Q1 2025Q2 2025Q3 2026Q1 2026Q2,-0.019,0.9603,0.159,0.6828,0.9481,0.22,9.0,0.6,5.0,0.987
2023Q1-2026Q2,bkng_gb_yoy,BKNG gross bookings y/y (reported),abnb_gbv_yoy,ABNB GBV y/y,9,2023Q1 2024Q1 2024Q2 2024Q3 2025Q1 2025Q2 2025Q3 2026Q1 2026Q2,0.632,0.0677,0.695,0.0379,0.039,1.0,9.0,0.8,5.0,0.382
2023Q1-2026Q2,bkng_gb_yoy,BKNG gross bookings y/y (reported),abnb_rev_beat_pct,ABNB revenue beat vs guide midpoint (%),9,2023Q1 2024Q1 2024Q2 2024Q3 2025Q1 2025Q2 2025Q3 2026Q1 2026Q2,0.062,0.8743,0.349,0.3577,0.8951,1.0,9.0,0.6,5.0,0.987
2023Q1-2026Q2,bkng_gb_yoy,BKNG gross bookings y/y (reported),abnb_excess_1d_pct,ABNB day-1 excess return,9,2023Q1 2024Q1 2024Q2 2024Q3 2025Q1 2025Q2 2025Q3 2026Q1 2026Q2,-0.284,0.4584,0.05,0.8979,0.3187,0.22,9.0,0.6,5.0,0.76
2023Q1-2026Q2,bkng_gb_yoy_cc,BKNG gross bookings y/y (constant currency),abnb_nights_yoy,ABNB nights y/y,7,2023Q1 2024Q2 2025Q1 2025Q2 2025Q3 2026Q1 2026Q2,0.96,0.0006,0.164,0.7259,0.1099,1.0,7.0,1.0,2.0,0.008
2023Q1-2026Q2,bkng_gb_yoy_cc,BKNG gross bookings y/y (constant currency),abnb_nights_accel_pp,ABNB nights accel (pp q/q),7,2023Q1 2024Q2 2025Q1 2025Q2 2025Q3 2026Q1 2026Q2,-0.193,0.6782,-0.218,0.6383,0.4895,0.29,7.0,0.5,2.0,0.848
2023Q1-2026Q2,bkng_gb_yoy_cc,BKNG gross bookings y/y (constant currency),abnb_gbv_yoy,ABNB GBV y/y,7,2023Q1 2024Q2 2025Q1 2025Q2 2025Q3 2026Q1 2026Q2,0.46,0.2988,-0.055,0.9075,0.3516,1.0,7.0,0.5,2.0,0.703
2023Q1-2026Q2,bkng_gb_yoy_cc,BKNG gross bookings y/y (constant currency),abnb_rev_beat_pct,ABNB revenue beat vs guide midpoint (%),7,2023Q1 2024Q2 2025Q1 2025Q2 2025Q3 2026Q1 2026Q2,0.098,0.8349,-0.273,0.554,0.9171,1.0,7.0,0.0,2.0,0.987
2023Q1-2026Q2,bkng_gb_yoy_cc,BKNG gross bookings y/y (constant currency),abnb_excess_1d_pct,ABNB day-1 excess return,7,2023Q1 2024Q2 2025Q1 2025Q2 2025Q3 2026Q1 2026Q2,-0.399,0.3751,0.109,0.8159,0.3656,0.29,7.0,1.0,2.0,0.703
2023Q1-2026Q2,bkng_excess_1d_pct,BKNG day-1 excess return,abnb_nights_yoy,ABNB nights y/y,9,2023Q1 2024Q1 2024Q2 2024Q3 2025Q1 2025Q2 2025Q3 2026Q1 2026Q2,-0.28,0.4659,-0.117,0.765,0.4705,0.56,9.0,0.6,5.0,0.76
2023Q1-2026Q2,bkng_excess_1d_pct,BKNG day-1 excess return,abnb_nights_accel_pp,ABNB nights accel (pp q/q),9,2023Q1 2024Q1 2024Q2 2024Q3 2025Q1 2025Q2 2025Q3 2026Q1 2026Q2,0.06,0.879,0.15,0.7001,0.8711,0.44,9.0,0.4,5.0,0.987
2023Q1-2026Q2,bkng_excess_1d_pct,BKNG day-1 excess return,abnb_gbv_yoy,ABNB GBV y/y,9,2023Q1 2024Q1 2024Q2 2024Q3 2025Q1 2025Q2 2025Q3 2026Q1 2026Q2,-0.24,0.534,-0.333,0.3807,0.5275,0.56,9.0,0.2,5.0,0.761
2023Q1-2026Q2,bkng_excess_1d_pct,BKNG day-1 excess return,abnb_rev_beat_pct,ABNB revenue beat vs guide midpoint (%),9,2023Q1 2024Q1 2024Q2 2024Q3 2025Q1 2025Q2 2025Q3 2026Q1 2026Q2,-0.196,0.6142,-0.226,0.5588,0.6184,0.56,9.0,0.4,5.0,0.806
2023Q1-2026Q2,bkng_excess_1d_pct,BKNG day-1 excess return,abnb_excess_1d_pct,ABNB day-1 excess return,9,2023Q1 2024Q1 2024Q2 2024Q3 2025Q1 2025Q2 2025Q3 2026Q1 2026Q2,0.599,0.0882,0.533,0.1392,0.0639,0.44,9.0,0.8,5.0,0.413
2023Q1-2026Q2,expe_room_nights_yoy,EXPE room nights y/y,abnb_nights_yoy,ABNB nights y/y,6,2023Q1 2023Q2 2023Q4 2024Q1 2024Q4 2026Q2,0.984,0.0004,0.943,0.0048,0.009,1.0,6.0,1.0,2.0,0.006
2023Q1-2026Q2,expe_room_nights_yoy,EXPE room nights y/y,abnb_nights_accel_pp,ABNB nights accel (pp q/q),6,2023Q1 2023Q2 2023Q4 2024Q1 2024Q4 2026Q2,0.056,0.9166,0.143,0.7872,0.8851,0.33,6.0,1.0,2.0,0.987
2023Q1-2026Q2,expe_room_nights_yoy,EXPE room nights y/y,abnb_gbv_yoy,ABNB GBV y/y,6,2023Q1 2023Q2 2023Q4 2024Q1 2024Q4 2026Q2,0.731,0.0989,0.371,0.4685,0.1299,1.0,6.0,1.0,2.0,0.436
2023Q1-2026Q2,expe_room_nights_yoy,EXPE room nights y/y,abnb_rev_beat_pct,ABNB revenue beat vs guide midpoint (%),6,2023Q1 2023Q2 2023Q4 2024Q1 2024Q4 2026Q2,-0.312,0.5478,-0.143,0.7872,0.5185,1.0,6.0,0.0,2.0,0.761
2023Q1-2026Q2,expe_room_nights_yoy,EXPE room nights y/y,abnb_excess_1d_pct,ABNB day-1 excess return,6,2023Q1 2023Q2 2023Q4 2024Q1 2024Q4 2026Q2,-0.527,0.2831,-0.486,0.3287,0.2937,0.4,5.0,0.5,2.0,0.703
2023Q1-2026Q2,expe_room_nights_accel_pp,EXPE room nights accel (pp q/q),abnb_nights_yoy,ABNB nights y/y,6,2023Q1 2023Q2 2023Q4 2024Q1 2024Q4 2026Q2,0.482,0.333,0.783,0.0657,0.2238,0.33,6.0,1.0,2.0,0.703
2023Q1-2026Q2,expe_room_nights_accel_pp,EXPE room nights accel (pp q/q),abnb_nights_accel_pp,ABNB nights accel (pp q/q),6,2023Q1 2023Q2 2023Q4 2024Q1 2024Q4 2026Q2,0.822,0.0447,0.638,0.1731,0.0639,0.67,6.0,1.0,2.0,0.305
2023Q1-2026Q2,expe_room_nights_accel_pp,EXPE room nights accel (pp q/q),abnb_gbv_yoy,ABNB GBV y/y,6,2023Q1 2023Q2 2023Q4 2024Q1 2024Q4 2026Q2,0.641,0.1698,0.754,0.0835,0.1868,0.33,6.0,1.0,2.0,0.614
2023Q1-2026Q2,expe_room_nights_accel_pp,EXPE room nights accel (pp q/q),abnb_rev_beat_pct,ABNB revenue beat vs guide midpoint (%),6,2023Q1 2023Q2 2023Q4 2024Q1 2024Q4 2026Q2,-0.452,0.3687,-0.696,0.1248,0.4136,0.33,6.0,0.0,2.0,0.703
2023Q1-2026Q2,expe_room_nights_accel_pp,EXPE room nights accel (pp q/q),abnb_excess_1d_pct,ABNB day-1 excess return,6,2023Q1 2023Q2 2023Q4 2024Q1 2024Q4 2026Q2,0.037,0.9439,-0.174,0.7417,0.965,0.6,5.0,0.5,2.0,0.987
2023Q1-2026Q2,expe_gb_yoy,EXPE gross bookings y/y,abnb_nights_yoy,ABNB nights y/y,6,2023Q1 2023Q2 2023Q4 2024Q1 2024Q4 2026Q2,0.846,0.0335,0.829,0.0416,0.023,1.0,6.0,1.0,2.0,0.251
2023Q1-2026Q2,expe_gb_yoy,EXPE gross bookings y/y,abnb_nights_accel_pp,ABNB nights accel (pp q/q),6,2023Q1 2023Q2 2023Q4 2024Q1 2024Q4 2026Q2,0.468,0.3495,0.6,0.208,0.3726,0.33,6.0,1.0,2.0,0.703
2023Q1-2026Q2,expe_gb_yoy,EXPE gross bookings y/y,abnb_gbv_yoy,ABNB GBV y/y,6,2023Q1 2023Q2 2023Q4 2024Q1 2024Q4 2026Q2,0.867,0.0254,0.829,0.0416,0.016,1.0,6.0,1.0,2.0,0.235
2023Q1-2026Q2,expe_gb_yoy,EXPE gross bookings y/y,abnb_rev_beat_pct,ABNB revenue beat vs guide midpoint (%),6,2023Q1 2023Q2 2023Q4 2024Q1 2024Q4 2026Q2,-0.779,0.068,-0.829,0.0416,0.0659,1.0,6.0,0.0,2.0,0.382
2023Q1-2026Q2,expe_gb_yoy,EXPE gross bookings y/y,abnb_excess_1d_pct,ABNB day-1 excess return,6,2023Q1 2023Q2 2023Q4 2024Q1 2024Q4 2026Q2,0.019,0.9717,0.029,0.9572,0.962,0.4,5.0,0.5,2.0,0.987
2023Q1-2026Q2,expe_excess_1d_pct,EXPE day-1 excess return,abnb_nights_yoy,ABNB nights y/y,6,2023Q1 2023Q2 2023Q4 2024Q1 2024Q4 2026Q2,0.42,0.407,0.543,0.2657,0.3816,0.33,6.0,0.5,2.0,0.728
2023Q1-2026Q2,expe_excess_1d_pct,EXPE day-1 excess return,abnb_nights_accel_pp,ABNB nights accel (pp q/q),6,2023Q1 2023Q2 2023Q4 2024Q1 2024Q4 2026Q2,0.747,0.0882,0.486,0.3287,0.0979,0.67,6.0,0.5,2.0,0.413
2023Q1-2026Q2,expe_excess_1d_pct,EXPE day-1 excess return,abnb_gbv_yoy,ABNB GBV y/y,6,2023Q1 2023Q2 2023Q4 2024Q1 2024Q4 2026Q2,0.332,0.5197,0.371,0.4685,0.5275,0.33,6.0,0.5,2.0,0.761
2023Q1-2026Q2,expe_excess_1d_pct,EXPE day-1 excess return,abnb_rev_beat_pct,ABNB revenue beat vs guide midpoint (%),6,2023Q1 2023Q2 2023Q4 2024Q1 2024Q4 2026Q2,-0.519,0.2912,-0.6,0.208,0.2997,0.33,6.0,0.5,2.0,0.703
2023Q1-2026Q2,expe_excess_1d_pct,EXPE day-1 excess return,abnb_excess_1d_pct,ABNB day-1 excess return,6,2023Q1 2023Q2 2023Q4 2024Q1 2024Q4 2026Q2,0.464,0.3542,0.257,0.6228,0.3307,0.6,5.0,0.0,2.0,0.703
2023Q1-2026Q2,ota_room_nights_yoy,BKNG+EXPE mean room nights y/y,abnb_nights_yoy,ABNB nights y/y,3,2023Q1 2024Q1 2026Q2,,,,,,,,,,
2023Q1-2026Q2,ota_room_nights_yoy,BKNG+EXPE mean room nights y/y,abnb_nights_accel_pp,ABNB nights accel (pp q/q),3,2023Q1 2024Q1 2026Q2,,,,,,,,,,
2023Q1-2026Q2,ota_room_nights_yoy,BKNG+EXPE mean room nights y/y,abnb_gbv_yoy,ABNB GBV y/y,3,2023Q1 2024Q1 2026Q2,,,,,,,,,,
2023Q1-2026Q2,ota_room_nights_yoy,BKNG+EXPE mean room nights y/y,abnb_rev_beat_pct,ABNB revenue beat vs guide midpoint (%),3,2023Q1 2024Q1 2026Q2,,,,,,,,,,
2023Q1-2026Q2,ota_room_nights_yoy,BKNG+EXPE mean room nights y/y,abnb_excess_1d_pct,ABNB day-1 excess return,3,2023Q1 2024Q1 2026Q2,,,,,,,,,,
2023Q1-2026Q2,ota_room_nights_accel_pp,BKNG+EXPE mean room nights accel (pp),abnb_nights_yoy,ABNB nights y/y,3,2023Q1 2024Q1 2026Q2,,,,,,,,,,
2023Q1-2026Q2,ota_room_nights_accel_pp,BKNG+EXPE mean room nights accel (pp),abnb_nights_accel_pp,ABNB nights accel (pp q/q),3,2023Q1 2024Q1 2026Q2,,,,,,,,,,
2023Q1-2026Q2,ota_room_nights_accel_pp,BKNG+EXPE mean room nights accel (pp),abnb_gbv_yoy,ABNB GBV y/y,3,2023Q1 2024Q1 2026Q2,,,,,,,,,,
2023Q1-2026Q2,ota_room_nights_accel_pp,BKNG+EXPE mean room nights accel (pp),abnb_rev_beat_pct,ABNB revenue beat vs guide midpoint (%),3,2023Q1 2024Q1 2026Q2,,,,,,,,,,
2023Q1-2026Q2,ota_room_nights_accel_pp,BKNG+EXPE mean room nights accel (pp),abnb_excess_1d_pct,ABNB day-1 excess return,3,2023Q1 2024Q1 2026Q2,,,,,,,,,,
2023Q1-2026Q2,mar_revpar_yoy,MAR worldwide RevPAR y/y,abnb_nights_yoy,ABNB nights y/y,12,2023Q1 2023Q2 2023Q4 2024Q1 2024Q2 2024Q3 2024Q4 2025Q2 2025Q3 2025Q4 2026Q1 2026Q2,0.911,0.0,0.739,0.006,0.004,1.0,12.0,0.56,9.0,0.0
2023Q1-2026Q2,mar_revpar_yoy,MAR worldwide RevPAR y/y,abnb_nights_accel_pp,ABNB nights accel (pp q/q),12,2023Q1 2023Q2 2023Q4 2024Q1 2024Q2 2024Q3 2024Q4 2025Q2 2025Q3 2025Q4 2026Q1 2026Q2,-0.371,0.2358,-0.602,0.0382,0.2048,0.33,12.0,0.44,9.0,0.703
2023Q1-2026Q2,mar_revpar_yoy,MAR worldwide RevPAR y/y,abnb_gbv_yoy,ABNB GBV y/y,12,2023Q1 2023Q2 2023Q4 2024Q1 2024Q2 2024Q3 2024Q4 2025Q2 2025Q3 2025Q4 2026Q1 2026Q2,0.433,0.1599,0.224,0.4837,0.1748,1.0,12.0,0.78,9.0,0.614
2023Q1-2026Q2,mar_revpar_yoy,MAR worldwide RevPAR y/y,abnb_rev_beat_pct,ABNB revenue beat vs guide midpoint (%),12,2023Q1 2023Q2 2023Q4 2024Q1 2024Q2 2024Q3 2024Q4 2025Q2 2025Q3 2025Q4 2026Q1 2026Q2,0.011,0.9735,0.393,0.2063,0.974,1.0,12.0,0.56,9.0,0.987
2023Q1-2026Q2,mar_revpar_yoy,MAR worldwide RevPAR y/y,abnb_excess_1d_pct,ABNB day-1 excess return,12,2023Q1 2023Q2 2023Q4 2024Q1 2024Q2 2024Q3 2024Q4 2025Q2 2025Q3 2025Q4 2026Q1 2026Q2,-0.327,0.2999,-0.217,0.4978,0.3147,0.36,11.0,0.33,9.0,0.703
2023Q1-2026Q2,mar_revpar_accel_pp,MAR RevPAR accel (pp q/q),abnb_nights_yoy,ABNB nights y/y,12,2023Q1 2023Q2 2023Q4 2024Q1 2024Q2 2024Q3 2024Q4 2025Q2 2025Q3 2025Q4 2026Q1 2026Q2,0.225,0.4816,0.357,0.2551,0.3177,0.42,12.0,0.67,9.0,0.761
2023Q1-2026Q2,mar_revpar_accel_pp,MAR RevPAR accel (pp q/q),abnb_nights_accel_pp,ABNB nights accel (pp q/q),12,2023Q1 2023Q2 2023Q4 2024Q1 2024Q2 2024Q3 2024Q4 2025Q2 2025Q3 2025Q4 2026Q1 2026Q2,0.773,0.0032,0.35,0.2652,0.018,0.58,12.0,0.56,9.0,0.034
2023Q1-2026Q2,mar_revpar_accel_pp,MAR RevPAR accel (pp q/q),abnb_gbv_yoy,ABNB GBV y/y,12,2023Q1 2023Q2 2023Q4 2024Q1 2024Q2 2024Q3 2024Q4 2025Q2 2025Q3 2025Q4 2026Q1 2026Q2,0.422,0.1719,0.692,0.0126,0.1758,0.42,12.0,0.89,9.0,0.614
2023Q1-2026Q2,mar_revpar_accel_pp,MAR RevPAR accel (pp q/q),abnb_rev_beat_pct,ABNB revenue beat vs guide midpoint (%),12,2023Q1 2023Q2 2023Q4 2024Q1 2024Q2 2024Q3 2024Q4 2025Q2 2025Q3 2025Q4 2026Q1 2026Q2,-0.334,0.2887,-0.238,0.456,0.3127,0.42,12.0,0.44,9.0,0.703
2023Q1-2026Q2,mar_revpar_accel_pp,MAR RevPAR accel (pp q/q),abnb_excess_1d_pct,ABNB day-1 excess return,12,2023Q1 2023Q2 2023Q4 2024Q1 2024Q2 2024Q3 2024Q4 2025Q2 2025Q3 2025Q4 2026Q1 2026Q2,-0.034,0.9168,0.084,0.7954,0.9101,0.55,11.0,0.44,9.0,0.987
2023Q1-2026Q2,mar_excess_1d_pct,MAR day-1 excess return,abnb_nights_yoy,ABNB nights y/y,12,2023Q1 2023Q2 2023Q4 2024Q1 2024Q2 2024Q3 2024Q4 2025Q2 2025Q3 2025Q4 2026Q1 2026Q2,0.196,0.5425,0.049,0.8799,0.5425,0.42,12.0,0.56,9.0,0.761
2023Q1-2026Q2,mar_excess_1d_pct,MAR day-1 excess return,abnb_nights_accel_pp,ABNB nights accel (pp q/q),12,2023Q1 2023Q2 2023Q4 2024Q1 2024Q2 2024Q3 2024Q4 2025Q2 2025Q3 2025Q4 2026Q1 2026Q2,-0.158,0.6236,-0.203,0.5273,0.6214,0.58,12.0,0.44,9.0,0.806
2023Q1-2026Q2,mar_excess_1d_pct,MAR day-1 excess return,abnb_gbv_yoy,ABNB GBV y/y,12,2023Q1 2023Q2 2023Q4 2024Q1 2024Q2 2024Q3 2024Q4 2025Q2 2025Q3 2025Q4 2026Q1 2026Q2,0.264,0.4075,0.245,0.4433,0.4256,0.42,12.0,0.56,9.0,0.728
2023Q1-2026Q2,mar_excess_1d_pct,MAR day-1 excess return,abnb_rev_beat_pct,ABNB revenue beat vs guide midpoint (%),12,2023Q1 2023Q2 2023Q4 2024Q1 2024Q2 2024Q3 2024Q4 2025Q2 2025Q3 2025Q4 2026Q1 2026Q2,0.205,0.5237,0.242,0.4492,0.5275,0.42,12.0,0.56,9.0,0.761
2023Q1-2026Q2,mar_excess_1d_pct,MAR day-1 excess return,abnb_excess_1d_pct,ABNB day-1 excess return,12,2023Q1 2023Q2 2023Q4 2024Q1 2024Q2 2024Q3 2024Q4 2025Q2 2025Q3 2025Q4 2026Q1 2026Q2,-0.245,0.4422,-0.056,0.8629,0.4695,0.64,11.0,0.56,9.0,0.76
2023Q1-2026Q2,hlt_revpar_yoy,HLT system-wide RevPAR y/y,abnb_nights_yoy,ABNB nights y/y,13,2023Q1 2023Q2 2023Q3 2023Q4 2024Q1 2024Q3 2024Q4 2025Q1 2025Q2 2025Q3 2025Q4 2026Q1 2026Q2,0.884,0.0001,0.78,0.0017,0.001,0.85,13.0,0.73,11.0,0.002
2023Q1-2026Q2,hlt_revpar_yoy,HLT system-wide RevPAR y/y,abnb_nights_accel_pp,ABNB nights accel (pp q/q),13,2023Q1 2023Q2 2023Q3 2023Q4 2024Q1 2024Q3 2024Q4 2025Q1 2025Q2 2025Q3 2025Q4 2026Q1 2026Q2,-0.28,0.3538,-0.28,0.3538,0.2947,0.38,13.0,0.55,11.0,0.703
2023Q1-2026Q2,hlt_revpar_yoy,HLT system-wide RevPAR y/y,abnb_gbv_yoy,ABNB GBV y/y,13,2023Q1 2023Q2 2023Q3 2023Q4 2024Q1 2024Q3 2024Q4 2025Q1 2025Q2 2025Q3 2025Q4 2026Q1 2026Q2,0.431,0.1413,0.462,0.1124,0.1508,0.85,13.0,0.64,11.0,0.589
2023Q1-2026Q2,hlt_revpar_yoy,HLT system-wide RevPAR y/y,abnb_rev_beat_pct,ABNB revenue beat vs guide midpoint (%),13,2023Q1 2023Q2 2023Q3 2023Q4 2024Q1 2024Q3 2024Q4 2025Q1 2025Q2 2025Q3 2025Q4 2026Q1 2026Q2,0.001,0.9962,0.223,0.4643,0.996,0.85,13.0,0.45,11.0,0.996
2023Q1-2026Q2,hlt_revpar_yoy,HLT system-wide RevPAR y/y,abnb_excess_1d_pct,ABNB day-1 excess return,13,2023Q1 2023Q2 2023Q3 2023Q4 2024Q1 2024Q3 2024Q4 2025Q1 2025Q2 2025Q3 2025Q4 2026Q1 2026Q2,-0.323,0.2816,-0.104,0.7343,0.2737,0.33,12.0,0.64,11.0,0.703
2023Q1-2026Q2,hlt_revpar_accel_pp,HLT RevPAR accel (pp q/q),abnb_nights_yoy,ABNB nights y/y,13,2023Q1 2023Q2 2023Q3 2023Q4 2024Q1 2024Q3 2024Q4 2025Q1 2025Q2 2025Q3 2025Q4 2026Q1 2026Q2,0.193,0.5268,0.17,0.578,0.4496,0.38,13.0,0.73,11.0,0.761
2023Q1-2026Q2,hlt_revpar_accel_pp,HLT RevPAR accel (pp q/q),abnb_nights_accel_pp,ABNB nights accel (pp q/q),13,2023Q1 2023Q2 2023Q3 2023Q4 2024Q1 2024Q3 2024Q4 2025Q1 2025Q2 2025Q3 2025Q4 2026Q1 2026Q2,0.606,0.0282,0.242,0.4262,0.047,0.69,13.0,0.55,11.0,0.235
2023Q1-2026Q2,hlt_revpar_accel_pp,HLT RevPAR accel (pp q/q),abnb_gbv_yoy,ABNB GBV y/y,13,2023Q1 2023Q2 2023Q3 2023Q4 2024Q1 2024Q3 2024Q4 2025Q1 2025Q2 2025Q3 2025Q4 2026Q1 2026Q2,0.353,0.2368,0.516,0.0707,0.2448,0.38,13.0,0.82,11.0,0.703
2023Q1-2026Q2,hlt_revpar_accel_pp,HLT RevPAR accel (pp q/q),abnb_rev_beat_pct,ABNB revenue beat vs guide midpoint (%),13,2023Q1 2023Q2 2023Q3 2023Q4 2024Q1 2024Q3 2024Q4 2025Q1 2025Q2 2025Q3 2025Q4 2026Q1 2026Q2,-0.275,0.3641,-0.157,0.6089,0.4096,0.38,13.0,0.45,11.0,0.703
2023Q1-2026Q2,hlt_revpar_accel_pp,HLT RevPAR accel (pp q/q),abnb_excess_1d_pct,ABNB day-1 excess return,13,2023Q1 2023Q2 2023Q3 2023Q4 2024Q1 2024Q3 2024Q4 2025Q1 2025Q2 2025Q3 2025Q4 2026Q1 2026Q2,0.097,0.7534,0.242,0.4262,0.7233,0.75,12.0,0.64,11.0,0.911
2023Q1-2026Q2,hlt_excess_1d_pct,HLT day-1 excess return,abnb_nights_yoy,ABNB nights y/y,13,2023Q1 2023Q2 2023Q3 2023Q4 2024Q1 2024Q3 2024Q4 2025Q1 2025Q2 2025Q3 2025Q4 2026Q1 2026Q2,-0.192,0.5299,0.038,0.9007,0.5445,0.46,13.0,0.73,11.0,0.761
2023Q1-2026Q2,hlt_excess_1d_pct,HLT day-1 excess return,abnb_nights_accel_pp,ABNB nights accel (pp q/q),13,2023Q1 2023Q2 2023Q3 2023Q4 2024Q1 2024Q3 2024Q4 2025Q1 2025Q2 2025Q3 2025Q4 2026Q1 2026Q2,0.288,0.3394,0.319,0.2886,0.3377,0.77,13.0,0.73,11.0,0.703
2023Q1-2026Q2,hlt_excess_1d_pct,HLT day-1 excess return,abnb_gbv_yoy,ABNB GBV y/y,13,2023Q1 2023Q2 2023Q3 2023Q4 2024Q1 2024Q3 2024Q4 2025Q1 2025Q2 2025Q3 2025Q4 2026Q1 2026Q2,-0.229,0.4508,-0.247,0.4154,0.4655,0.46,13.0,0.45,11.0,0.76
2023Q1-2026Q2,hlt_excess_1d_pct,HLT day-1 excess return,abnb_rev_beat_pct,ABNB revenue beat vs guide midpoint (%),13,2023Q1 2023Q2 2023Q3 2023Q4 2024Q1 2024Q3 2024Q4 2025Q1 2025Q2 2025Q3 2025Q4 2026Q1 2026Q2,0.046,0.8822,0.055,0.8583,0.8741,0.46,13.0,0.45,11.0,0.987
2023Q1-2026Q2,hlt_excess_1d_pct,HLT day-1 excess return,abnb_excess_1d_pct,ABNB day-1 excess return,13,2023Q1 2023Q2 2023Q3 2023Q4 2024Q1 2024Q3 2024Q4 2025Q1 2025Q2 2025Q3 2025Q4 2026Q1 2026Q2,0.294,0.3292,0.44,0.1329,0.3317,0.67,12.0,0.64,11.0,0.703
2024Q1-2026Q2,bkng_room_nights_yoy,BKNG room nights y/y,abnb_nights_yoy,ABNB nights y/y,8,2024Q1 2024Q2 2024Q3 2025Q1 2025Q2 2025Q3 2026Q1 2026Q2,-0.456,0.2565,-0.27,0.5177,0.2507,1.0,8.0,0.25,4.0,0.824
2024Q1-2026Q2,bkng_room_nights_yoy,BKNG room nights y/y,abnb_nights_accel_pp,ABNB nights accel (pp q/q),8,2024Q1 2024Q2 2024Q3 2025Q1 2025Q2 2025Q3 2026Q1 2026Q2,-0.261,0.5331,-0.074,0.8624,0.5305,0.25,8.0,0.5,4.0,0.947
2024Q1-2026Q2,bkng_room_nights_yoy,BKNG room nights y/y,abnb_gbv_yoy,ABNB GBV y/y,8,2024Q1 2024Q2 2024Q3 2025Q1 2025Q2 2025Q3 2026Q1 2026Q2,-0.487,0.2211,-0.381,0.3524,0.2158,1.0,8.0,0.75,4.0,0.811
2024Q1-2026Q2,bkng_room_nights_yoy,BKNG room nights y/y,abnb_rev_beat_pct,ABNB revenue beat vs guide midpoint (%),8,2024Q1 2024Q2 2024Q3 2025Q1 2025Q2 2025Q3 2026Q1 2026Q2,0.419,0.3016,0.049,0.9075,0.2807,1.0,8.0,0.75,4.0,0.873
2024Q1-2026Q2,bkng_room_nights_yoy,BKNG room nights y/y,abnb_excess_1d_pct,ABNB day-1 excess return,8,2024Q1 2024Q2 2024Q3 2025Q1 2025Q2 2025Q3 2026Q1 2026Q2,-0.703,0.0519,-0.381,0.3524,0.0569,0.25,8.0,0.5,4.0,0.676
2024Q1-2026Q2,bkng_room_nights_accel_pp,BKNG room nights accel (pp q/q),abnb_nights_yoy,ABNB nights y/y,8,2024Q1 2024Q2 2024Q3 2025Q1 2025Q2 2025Q3 2026Q1 2026Q2,0.073,0.8642,-0.193,0.6474,0.8721,0.33,6.0,0.4,5.0,0.982
2024Q1-2026Q2,bkng_room_nights_accel_pp,BKNG room nights accel (pp q/q),abnb_nights_accel_pp,ABNB nights accel (pp q/q),8,2024Q1 2024Q2 2024Q3 2025Q1 2025Q2 2025Q3 2026Q1 2026Q2,0.637,0.0892,0.518,0.1884,0.0919,0.5,6.0,0.6,5.0,0.676
2024Q1-2026Q2,bkng_room_nights_accel_pp,BKNG room nights accel (pp q/q),abnb_gbv_yoy,ABNB GBV y/y,8,2024Q1 2024Q2 2024Q3 2025Q1 2025Q2 2025Q3 2026Q1 2026Q2,0.131,0.7577,-0.169,0.6897,0.7463,0.33,6.0,0.4,5.0,0.969
2024Q1-2026Q2,bkng_room_nights_accel_pp,BKNG room nights accel (pp q/q),abnb_rev_beat_pct,ABNB revenue beat vs guide midpoint (%),8,2024Q1 2024Q2 2024Q3 2025Q1 2025Q2 2025Q3 2026Q1 2026Q2,0.205,0.6267,-0.133,0.7529,0.6134,0.33,6.0,0.6,5.0,0.947
2024Q1-2026Q2,bkng_room_nights_accel_pp,BKNG room nights accel (pp q/q),abnb_excess_1d_pct,ABNB day-1 excess return,8,2024Q1 2024Q2 2024Q3 2025Q1 2025Q2 2025Q3 2026Q1 2026Q2,-0.191,0.6509,-0.313,0.4499,0.6194,0.5,6.0,0.6,5.0,0.947
2024Q1-2026Q2,bkng_gb_yoy,BKNG gross bookings y/y (reported),abnb_nights_yoy,ABNB nights y/y,8,2024Q1 2024Q2 2024Q3 2025Q1 2025Q2 2025Q3 2026Q1 2026Q2,-0.013,0.9756,0.204,0.6287,0.977,1.0,8.0,0.4,5.0,0.992
2024Q1-2026Q2,bkng_gb_yoy,BKNG gross bookings y/y (reported),abnb_nights_accel_pp,ABNB nights accel (pp q/q),8,2024Q1 2024Q2 2024Q3 2025Q1 2025Q2 2025Q3 2026Q1 2026Q2,0.377,0.3571,0.395,0.3325,0.3706,0.25,8.0,0.6,5.0,0.947
2024Q1-2026Q2,bkng_gb_yoy,BKNG gross bookings y/y (reported),abnb_gbv_yoy,ABNB GBV y/y,8,2024Q1 2024Q2 2024Q3 2025Q1 2025Q2 2025Q3 2026Q1 2026Q2,0.603,0.1139,0.587,0.1262,0.1089,1.0,8.0,0.8,5.0,0.676
2024Q1-2026Q2,bkng_gb_yoy,BKNG gross bookings y/y (reported),abnb_rev_beat_pct,ABNB revenue beat vs guide midpoint (%),8,2024Q1 2024Q2 2024Q3 2025Q1 2025Q2 2025Q3 2026Q1 2026Q2,0.267,0.5225,0.259,0.5356,0.5475,1.0,8.0,0.6,5.0,0.947
2024Q1-2026Q2,bkng_gb_yoy,BKNG gross bookings y/y (reported),abnb_excess_1d_pct,ABNB day-1 excess return,8,2024Q1 2024Q2 2024Q3 2025Q1 2025Q2 2025Q3 2026Q1 2026Q2,0.171,0.6861,0.311,0.4528,0.6783,0.25,8.0,0.6,5.0,0.947
2024Q1-2026Q2,bkng_gb_yoy_cc,BKNG gross bookings y/y (constant currency),abnb_nights_yoy,ABNB nights y/y,6,2024Q2 2025Q1 2025Q2 2025Q3 2026Q1 2026Q2,-0.351,0.4957,-0.353,0.4924,0.4895,1.0,6.0,1.0,2.0,0.947
2024Q1-2026Q2,bkng_gb_yoy_cc,BKNG gross bookings y/y (constant currency),abnb_nights_accel_pp,ABNB nights accel (pp q/q),6,2024Q2 2025Q1 2025Q2 2025Q3 2026Q1 2026Q2,-0.195,0.7117,0.177,0.7379,0.7612,0.33,6.0,0.5,2.0,0.947
2024Q1-2026Q2,bkng_gb_yoy_cc,BKNG gross bookings y/y (constant currency),abnb_gbv_yoy,ABNB GBV y/y,6,2024Q2 2025Q1 2025Q2 2025Q3 2026Q1 2026Q2,-0.251,0.6316,-0.441,0.3809,0.6224,1.0,6.0,0.5,2.0,0.947
2024Q1-2026Q2,bkng_gb_yoy_cc,BKNG gross bookings y/y (constant currency),abnb_rev_beat_pct,ABNB revenue beat vs guide midpoint (%),6,2024Q2 2025Q1 2025Q2 2025Q3 2026Q1 2026Q2,-0.215,0.6829,-0.618,0.1911,0.7133,1.0,6.0,0.0,2.0,0.947
2024Q1-2026Q2,bkng_gb_yoy_cc,BKNG gross bookings y/y (constant currency),abnb_excess_1d_pct,ABNB day-1 excess return,6,2024Q2 2025Q1 2025Q2 2025Q3 2026Q1 2026Q2,0.259,0.62,0.441,0.3809,0.6294,0.33,6.0,1.0,2.0,0.947
2024Q1-2026Q2,bkng_excess_1d_pct,BKNG day-1 excess return,abnb_nights_yoy,ABNB nights y/y,8,2024Q1 2024Q2 2024Q3 2025Q1 2025Q2 2025Q3 2026Q1 2026Q2,0.231,0.5828,0.143,0.7358,0.5874,0.62,8.0,0.6,5.0,0.947
2024Q1-2026Q2,bkng_excess_1d_pct,BKNG day-1 excess return,abnb_nights_accel_pp,ABNB nights accel (pp q/q),8,2024Q1 2024Q2 2024Q3 2025Q1 2025Q2 2025Q3 2026Q1 2026Q2,0.014,0.9742,0.071,0.8665,0.972,0.38,8.0,0.4,5.0,0.992
2024Q1-2026Q2,bkng_excess_1d_pct,BKNG day-1 excess return,abnb_gbv_yoy,ABNB GBV y/y,8,2024Q1 2024Q2 2024Q3 2025Q1 2025Q2 2025Q3 2026Q1 2026Q2,-0.083,0.8458,-0.214,0.6103,0.8541,0.62,8.0,0.2,5.0,0.982
2024Q1-2026Q2,bkng_excess_1d_pct,BKNG day-1 excess return,abnb_rev_beat_pct,ABNB revenue beat vs guide midpoint (%),8,2024Q1 2024Q2 2024Q3 2025Q1 2025Q2 2025Q3 2026Q1 2026Q2,-0.215,0.6095,-0.204,0.6287,0.5854,0.62,8.0,0.4,5.0,0.947
2024Q1-2026Q2,bkng_excess_1d_pct,BKNG day-1 excess return,abnb_excess_1d_pct,ABNB day-1 excess return,8,2024Q1 2024Q2 2024Q3 2025Q1 2025Q2 2025Q3 2026Q1 2026Q2,0.545,0.1628,0.333,0.4198,0.1558,0.38,8.0,0.8,5.0,0.676
2024Q1-2026Q2,expe_room_nights_yoy,EXPE room nights y/y,abnb_nights_yoy,ABNB nights y/y,3,2024Q1 2024Q4 2026Q2,,,,,,,,,,
2024Q1-2026Q2,expe_room_nights_yoy,EXPE room nights y/y,abnb_nights_accel_pp,ABNB nights accel (pp q/q),3,2024Q1 2024Q4 2026Q2,,,,,,,,,,
2024Q1-2026Q2,expe_room_nights_yoy,EXPE room nights y/y,abnb_gbv_yoy,ABNB GBV y/y,3,2024Q1 2024Q4 2026Q2,,,,,,,,,,
2024Q1-2026Q2,expe_room_nights_yoy,EXPE room nights y/y,abnb_rev_beat_pct,ABNB revenue beat vs guide midpoint (%),3,2024Q1 2024Q4 2026Q2,,,,,,,,,,
2024Q1-2026Q2,expe_room_nights_yoy,EXPE room nights y/y,abnb_excess_1d_pct,ABNB day-1 excess return,3,2024Q1 2024Q4 2026Q2,,,,,,,,,,
2024Q1-2026Q2,expe_room_nights_accel_pp,EXPE room nights accel (pp q/q),abnb_nights_yoy,ABNB nights y/y,3,2024Q1 2024Q4 2026Q2,,,,,,,,,,
2024Q1-2026Q2,expe_room_nights_accel_pp,EXPE room nights accel (pp q/q),abnb_nights_accel_pp,ABNB nights accel (pp q/q),3,2024Q1 2024Q4 2026Q2,,,,,,,,,,
2024Q1-2026Q2,expe_room_nights_accel_pp,EXPE room nights accel (pp q/q),abnb_gbv_yoy,ABNB GBV y/y,3,2024Q1 2024Q4 2026Q2,,,,,,,,,,
2024Q1-2026Q2,expe_room_nights_accel_pp,EXPE room nights accel (pp q/q),abnb_rev_beat_pct,ABNB revenue beat vs guide midpoint (%),3,2024Q1 2024Q4 2026Q2,,,,,,,,,,
2024Q1-2026Q2,expe_room_nights_accel_pp,EXPE room nights accel (pp q/q),abnb_excess_1d_pct,ABNB day-1 excess return,3,2024Q1 2024Q4 2026Q2,,,,,,,,,,
2024Q1-2026Q2,expe_gb_yoy,EXPE gross bookings y/y,abnb_nights_yoy,ABNB nights y/y,3,2024Q1 2024Q4 2026Q2,,,,,,,,,,
2024Q1-2026Q2,expe_gb_yoy,EXPE gross bookings y/y,abnb_nights_accel_pp,ABNB nights accel (pp q/q),3,2024Q1 2024Q4 2026Q2,,,,,,,,,,
2024Q1-2026Q2,expe_gb_yoy,EXPE gross bookings y/y,abnb_gbv_yoy,ABNB GBV y/y,3,2024Q1 2024Q4 2026Q2,,,,,,,,,,
2024Q1-2026Q2,expe_gb_yoy,EXPE gross bookings y/y,abnb_rev_beat_pct,ABNB revenue beat vs guide midpoint (%),3,2024Q1 2024Q4 2026Q2,,,,,,,,,,
2024Q1-2026Q2,expe_gb_yoy,EXPE gross bookings y/y,abnb_excess_1d_pct,ABNB day-1 excess return,3,2024Q1 2024Q4 2026Q2,,,,,,,,,,
2024Q1-2026Q2,expe_excess_1d_pct,EXPE day-1 excess return,abnb_nights_yoy,ABNB nights y/y,3,2024Q1 2024Q4 2026Q2,,,,,,,,,,
2024Q1-2026Q2,expe_excess_1d_pct,EXPE day-1 excess return,abnb_nights_accel_pp,ABNB nights accel (pp q/q),3,2024Q1 2024Q4 2026Q2,,,,,,,,,,
2024Q1-2026Q2,expe_excess_1d_pct,EXPE day-1 excess return,abnb_gbv_yoy,ABNB GBV y/y,3,2024Q1 2024Q4 2026Q2,,,,,,,,,,
2024Q1-2026Q2,expe_excess_1d_pct,EXPE day-1 excess return,abnb_rev_beat_pct,ABNB revenue beat vs guide midpoint (%),3,2024Q1 2024Q4 2026Q2,,,,,,,,,,
2024Q1-2026Q2,expe_excess_1d_pct,EXPE day-1 excess return,abnb_excess_1d_pct,ABNB day-1 excess return,3,2024Q1 2024Q4 2026Q2,,,,,,,,,,
2024Q1-2026Q2,ota_room_nights_yoy,BKNG+EXPE mean room nights y/y,abnb_nights_yoy,ABNB nights y/y,2,2024Q1 2026Q2,,,,,,,,,,
2024Q1-2026Q2,ota_room_nights_yoy,BKNG+EXPE mean room nights y/y,abnb_nights_accel_pp,ABNB nights accel (pp q/q),2,2024Q1 2026Q2,,,,,,,,,,
2024Q1-2026Q2,ota_room_nights_yoy,BKNG+EXPE mean room nights y/y,abnb_gbv_yoy,ABNB GBV y/y,2,2024Q1 2026Q2,,,,,,,,,,
2024Q1-2026Q2,ota_room_nights_yoy,BKNG+EXPE mean room nights y/y,abnb_rev_beat_pct,ABNB revenue beat vs guide midpoint (%),2,2024Q1 2026Q2,,,,,,,,,,
2024Q1-2026Q2,ota_room_nights_yoy,BKNG+EXPE mean room nights y/y,abnb_excess_1d_pct,ABNB day-1 excess return,2,2024Q1 2026Q2,,,,,,,,,,
2024Q1-2026Q2,ota_room_nights_accel_pp,BKNG+EXPE mean room nights accel (pp),abnb_nights_yoy,ABNB nights y/y,2,2024Q1 2026Q2,,,,,,,,,,
2024Q1-2026Q2,ota_room_nights_accel_pp,BKNG+EXPE mean room nights accel (pp),abnb_nights_accel_pp,ABNB nights accel (pp q/q),2,2024Q1 2026Q2,,,,,,,,,,
2024Q1-2026Q2,ota_room_nights_accel_pp,BKNG+EXPE mean room nights accel (pp),abnb_gbv_yoy,ABNB GBV y/y,2,2024Q1 2026Q2,,,,,,,,,,
2024Q1-2026Q2,ota_room_nights_accel_pp,BKNG+EXPE mean room nights accel (pp),abnb_rev_beat_pct,ABNB revenue beat vs guide midpoint (%),2,2024Q1 2026Q2,,,,,,,,,,
2024Q1-2026Q2,ota_room_nights_accel_pp,BKNG+EXPE mean room nights accel (pp),abnb_excess_1d_pct,ABNB day-1 excess return,2,2024Q1 2026Q2,,,,,,,,,,
2024Q1-2026Q2,mar_revpar_yoy,MAR worldwide RevPAR y/y,abnb_nights_yoy,ABNB nights y/y,9,2024Q1 2024Q2 2024Q3 2024Q4 2025Q2 2025Q3 2025Q4 2026Q1 2026Q2,0.498,0.1721,0.444,0.2318,0.1668,1.0,9.0,0.43,7.0,0.676
2024Q1-2026Q2,mar_revpar_yoy,MAR worldwide RevPAR y/y,abnb_nights_accel_pp,ABNB nights accel (pp q/q),9,2024Q1 2024Q2 2024Q3 2024Q4 2025Q2 2025Q3 2025Q4 2026Q1 2026Q2,-0.063,0.8712,-0.218,0.5739,0.8831,0.44,9.0,0.29,7.0,0.982
2024Q1-2026Q2,mar_revpar_yoy,MAR worldwide RevPAR y/y,abnb_gbv_yoy,ABNB GBV y/y,9,2024Q1 2024Q2 2024Q3 2024Q4 2025Q2 2025Q3 2025Q4 2026Q1 2026Q2,0.044,0.9109,0.025,0.9489,0.9461,1.0,9.0,0.71,7.0,0.982
2024Q1-2026Q2,mar_revpar_yoy,MAR worldwide RevPAR y/y,abnb_rev_beat_pct,ABNB revenue beat vs guide midpoint (%),9,2024Q1 2024Q2 2024Q3 2024Q4 2025Q2 2025Q3 2025Q4 2026Q1 2026Q2,0.246,0.5237,0.403,0.2817,0.4835,1.0,9.0,0.71,7.0,0.947
2024Q1-2026Q2,mar_revpar_yoy,MAR worldwide RevPAR y/y,abnb_excess_1d_pct,ABNB day-1 excess return,9,2024Q1 2024Q2 2024Q3 2024Q4 2025Q2 2025Q3 2025Q4 2026Q1 2026Q2,0.058,0.8824,-0.008,0.983,0.8711,0.44,9.0,0.29,7.0,0.982
2024Q1-2026Q2,mar_revpar_accel_pp,MAR RevPAR accel (pp q/q),abnb_nights_yoy,ABNB nights y/y,9,2024Q1 2024Q2 2024Q3 2024Q4 2025Q2 2025Q3 2025Q4 2026Q1 2026Q2,0.534,0.1389,0.483,0.1875,0.1558,0.44,9.0,0.57,7.0,0.676
2024Q1-2026Q2,mar_revpar_accel_pp,MAR RevPAR accel (pp q/q),abnb_nights_accel_pp,ABNB nights accel (pp q/q),9,2024Q1 2024Q2 2024Q3 2024Q4 2025Q2 2025Q3 2025Q4 2026Q1 2026Q2,0.515,0.1562,0.317,0.4064,0.1628,0.56,9.0,0.43,7.0,0.676
2024Q1-2026Q2,mar_revpar_accel_pp,MAR RevPAR accel (pp q/q),abnb_gbv_yoy,ABNB GBV y/y,9,2024Q1 2024Q2 2024Q3 2024Q4 2025Q2 2025Q3 2025Q4 2026Q1 2026Q2,0.637,0.0649,0.667,0.0499,0.0819,0.44,9.0,0.86,7.0,0.676
2024Q1-2026Q2,mar_revpar_accel_pp,MAR RevPAR accel (pp q/q),abnb_rev_beat_pct,ABNB revenue beat vs guide midpoint (%),9,2024Q1 2024Q2 2024Q3 2024Q4 2025Q2 2025Q3 2025Q4 2026Q1 2026Q2,-0.005,0.9899,0.159,0.6828,0.992,0.44,9.0,0.57,7.0,0.992
2024Q1-2026Q2,mar_revpar_accel_pp,MAR RevPAR accel (pp q/q),abnb_excess_1d_pct,ABNB day-1 excess return,9,2024Q1 2024Q2 2024Q3 2024Q4 2025Q2 2025Q3 2025Q4 2026Q1 2026Q2,0.413,0.2698,0.4,0.2861,0.2657,0.56,9.0,0.43,7.0,0.824
2024Q1-2026Q2,mar_excess_1d_pct,MAR day-1 excess return,abnb_nights_yoy,ABNB nights y/y,9,2024Q1 2024Q2 2024Q3 2024Q4 2025Q2 2025Q3 2025Q4 2026Q1 2026Q2,-0.279,0.4676,-0.217,0.5755,0.4515,0.33,9.0,0.57,7.0,0.947
2024Q1-2026Q2,mar_excess_1d_pct,MAR day-1 excess return,abnb_nights_accel_pp,ABNB nights accel (pp q/q),9,2024Q1 2024Q2 2024Q3 2024Q4 2025Q2 2025Q3 2025Q4 2026Q1 2026Q2,-0.049,0.8998,0.0,1.0,0.8921,0.67,9.0,0.43,7.0,0.982
2024Q1-2026Q2,mar_excess_1d_pct,MAR day-1 excess return,abnb_gbv_yoy,ABNB GBV y/y,9,2024Q1 2024Q2 2024Q3 2024Q4 2025Q2 2025Q3 2025Q4 2026Q1 2026Q2,0.162,0.6766,0.167,0.6682,0.6833,0.33,9.0,0.57,7.0,0.947
2024Q1-2026Q2,mar_excess_1d_pct,MAR day-1 excess return,abnb_rev_beat_pct,ABNB revenue beat vs guide midpoint (%),9,2024Q1 2024Q2 2024Q3 2024Q4 2025Q2 2025Q3 2025Q4 2026Q1 2026Q2,0.308,0.42,0.268,0.486,0.4156,0.33,9.0,0.57,7.0,0.947
2024Q1-2026Q2,mar_excess_1d_pct,MAR day-1 excess return,abnb_excess_1d_pct,ABNB day-1 excess return,9,2024Q1 2024Q2 2024Q3 2024Q4 2025Q2 2025Q3 2025Q4 2026Q1 2026Q2,-0.155,0.6904,-0.017,0.9661,0.6763,0.67,9.0,0.71,7.0,0.947
2024Q1-2026Q2,hlt_revpar_yoy,HLT system-wide RevPAR y/y,abnb_nights_yoy,ABNB nights y/y,9,2024Q1 2024Q3 2024Q4 2025Q1 2025Q2 2025Q3 2025Q4 2026Q1 2026Q2,0.545,0.1291,0.517,0.1544,0.1209,0.78,9.0,0.71,7.0,0.676
2024Q1-2026Q2,hlt_revpar_yoy,HLT system-wide RevPAR y/y,abnb_nights_accel_pp,ABNB nights accel (pp q/q),9,2024Q1 2024Q3 2024Q4 2025Q1 2025Q2 2025Q3 2025Q4 2026Q1 2026Q2,0.004,0.9922,-0.083,0.8312,0.993,0.44,9.0,0.43,7.0,0.992
2024Q1-2026Q2,hlt_revpar_yoy,HLT system-wide RevPAR y/y,abnb_gbv_yoy,ABNB GBV y/y,9,2024Q1 2024Q3 2024Q4 2025Q1 2025Q2 2025Q3 2025Q4 2026Q1 2026Q2,0.249,0.5186,0.25,0.5165,0.5534,0.78,9.0,0.57,7.0,0.947
2024Q1-2026Q2,hlt_revpar_yoy,HLT system-wide RevPAR y/y,abnb_rev_beat_pct,ABNB revenue beat vs guide midpoint (%),9,2024Q1 2024Q3 2024Q4 2025Q1 2025Q2 2025Q3 2025Q4 2026Q1 2026Q2,0.056,0.8868,0.209,0.589,0.8941,0.78,9.0,0.57,7.0,0.982
2024Q1-2026Q2,hlt_revpar_yoy,HLT system-wide RevPAR y/y,abnb_excess_1d_pct,ABNB day-1 excess return,9,2024Q1 2024Q3 2024Q4 2025Q1 2025Q2 2025Q3 2025Q4 2026Q1 2026Q2,0.517,0.1545,0.4,0.2861,0.1668,0.44,9.0,0.71,7.0,0.676
2024Q1-2026Q2,hlt_revpar_accel_pp,HLT RevPAR accel (pp q/q),abnb_nights_yoy,ABNB nights y/y,9,2024Q1 2024Q3 2024Q4 2025Q1 2025Q2 2025Q3 2025Q4 2026Q1 2026Q2,0.562,0.1149,0.567,0.1116,0.0869,0.44,9.0,0.71,7.0,0.676
2024Q1-2026Q2,hlt_revpar_accel_pp,HLT RevPAR accel (pp q/q),abnb_nights_accel_pp,ABNB nights accel (pp q/q),9,2024Q1 2024Q3 2024Q4 2025Q1 2025Q2 2025Q3 2025Q4 2026Q1 2026Q2,0.502,0.1682,0.45,0.2242,0.1788,0.78,9.0,0.43,7.0,0.676
2024Q1-2026Q2,hlt_revpar_accel_pp,HLT RevPAR accel (pp q/q),abnb_gbv_yoy,ABNB GBV y/y,9,2024Q1 2024Q3 2024Q4 2025Q1 2025Q2 2025Q3 2025Q4 2026Q1 2026Q2,0.696,0.0375,0.733,0.0246,0.034,0.44,9.0,0.86,7.0,0.676
2024Q1-2026Q2,hlt_revpar_accel_pp,HLT RevPAR accel (pp q/q),abnb_rev_beat_pct,ABNB revenue beat vs guide midpoint (%),9,2024Q1 2024Q3 2024Q4 2025Q1 2025Q2 2025Q3 2025Q4 2026Q1 2026Q2,-0.046,0.9073,0.134,0.7313,0.9141,0.44,9.0,0.57,7.0,0.982
2024Q1-2026Q2,hlt_revpar_accel_pp,HLT RevPAR accel (pp q/q),abnb_excess_1d_pct,ABNB day-1 excess return,9,2024Q1 2024Q3 2024Q4 2025Q1 2025Q2 2025Q3 2025Q4 2026Q1 2026Q2,0.638,0.0646,0.633,0.0671,0.0739,0.78,9.0,0.71,7.0,0.676
2024Q1-2026Q2,hlt_excess_1d_pct,HLT day-1 excess return,abnb_nights_yoy,ABNB nights y/y,9,2024Q1 2024Q3 2024Q4 2025Q1 2025Q2 2025Q3 2025Q4 2026Q1 2026Q2,0.439,0.2374,0.317,0.4064,0.2328,0.56,9.0,0.86,7.0,0.816
2024Q1-2026Q2,hlt_excess_1d_pct,HLT day-1 excess return,abnb_nights_accel_pp,ABNB nights accel (pp q/q),9,2024Q1 2024Q3 2024Q4 2025Q1 2025Q2 2025Q3 2025Q4 2026Q1 2026Q2,0.165,0.6709,0.333,0.3807,0.6853,0.67,9.0,0.86,7.0,0.947
2024Q1-2026Q2,hlt_excess_1d_pct,HLT day-1 excess return,abnb_gbv_yoy,ABNB GBV y/y,9,2024Q1 2024Q3 2024Q4 2025Q1 2025Q2 2025Q3 2025Q4 2026Q1 2026Q2,-0.16,0.6803,-0.117,0.765,0.6703,0.56,9.0,0.43,7.0,0.947
2024Q1-2026Q2,hlt_excess_1d_pct,HLT day-1 excess return,abnb_rev_beat_pct,ABNB revenue beat vs guide midpoint (%),9,2024Q1 2024Q3 2024Q4 2025Q1 2025Q2 2025Q3 2025Q4 2026Q1 2026Q2,0.138,0.7228,0.008,0.983,0.7163,0.56,9.0,0.43,7.0,0.947
2024Q1-2026Q2,hlt_excess_1d_pct,HLT day-1 excess return,abnb_excess_1d_pct,ABNB day-1 excess return,9,2024Q1 2024Q3 2024Q4 2025Q1 2025Q2 2025Q3 2025Q4 2026Q1 2026Q2,0.182,0.6397,0.333,0.3807,0.6364,0.67,9.0,0.86,7.0,0.947
