file,bytes,sha256,captured_at_utc
eurostat_tour_ce_oan3.json,83685,8e208d388f85ffc3ece5ba9efd2ab623f30559df6ff153a5427a3feea59b8687,2026-09-03T20:56:13Z
eurostat_tour_ce_omn12.json,154035,0b618beb5dd44ab32bc97213bbdbc566d4b7bb3d51ad791b97c1495b837d075c,2026-09-03T20:51:33Z
eurostat_tour_ce_omr.json,51853,ca46870b1ac184ff35838244aaa381eafb5f35d5d907f1a51d93308f4244e0cc,2026-09-03T20:50:17Z
eurostat_tour_occ_nim.json,29638,5357cd2c7b0a954ac0b89c5d25593c0b310e78ed3a64b561a33c1c57e4afd183,2026-09-03T20:50:17Z
sfo_air_passengers_aggregate.json,88054,5f10170b56cdb5b963478dc5347584a3194b477f3bd79ef5380d83fe00f591b4,2026-09-03T20:50:50Z
sfo_air_passengers_metadata.json,24715,aa186a6055038c188455ca8491297e31a6b49ae30a632819d7a3f6ad27de9944,2026-09-03T20:50:17Z
statcan_18100249-eng.zip,92395,6bf0c4866c1dbfdeafdae9d86a611a213aef3cefe33d8bfbc425ee1f347f56ee,2026-09-03T20:50:17Z
statcan_18100249_download.json,88,0b26bbb420e957cae142869320a865034e3d3b86b04c74e32914df99a4956f32,2026-09-03T20:50:17Z
statcan_24100054-eng.zip,1560801,523f3b3c26c33176f7eaf29a9aec25fdea4f99f135e9a47352952c91b93163a6,2026-09-03T20:50:17Z
statcan_24100054_download.json,88,f30f3c5d77a6f3b0de3e456b145945ef74305ac7d07542fae4403983dd7e8e70,2026-09-03T20:50:17Z
toronto_str_package.json,5911,58506b20f4215edcdbe634cb20deeb4e6ccfc1468ccb7e92dc1c8ed627eb5c7b,2026-09-03T20:50:17Z
toronto_str_program_data.json,142107,a413480af772670327aa5bda559ea35349d9583e746d65b85eb782b5feb350f1,2026-09-03T20:50:17Z
uk_caa_2026_05_table09.csv,6552,68c325095999c375b0516efde2a8d90e3994e4bee34aa681c82cc1923d2a27a3,2026-09-03T20:50:17Z
